Covidence #,Study ID,Title,Reviewer Name,Does the study include a socio-environmental model?,Country / region in which the study is focused ,State?,Regional_Global,Miscellaneous Notes,Type of Model,Does the study quantify model uncertainty? ,How does this model quantify uncertainty?,Does the model uncertainty approach fall into any of the following categories? 
4,Martínez-Fernández 2013,Sustainability of Mediterranean irrigated agro-landscapes,Consensus,Yes,Spain,NA,,,System dynamics model,Yes,Validation / cross-validation (using empirical data);  Sensitivity analysis,Model specification
5,Le 2010,Land Use Dynamic Simulator (LUDAS): A multi-agent system model for simulating spatio-temporal dynamics of coupled human-landscape system. 2. Scenario-based application for impact assessment of land-use policies,Consensus,Yes,Vietnam,NA,,,Agent-based model,Yes,Validation / cross-validation (using empirical data);  Sensitivity analysis; Other,Knowledge of the system
7,Convertino 2016,From city- to health-scapes: Multiscale design for population health,Consensus,Yes,USA,,,,System dynamics model,No,,
9,Roman 2018,The Dynamics of Human–Environment Interactions in the Collapse of the Classic Maya,Consensus,Yes,Other,NA,South America,,System dynamics model,Yes,Validation / cross-validation (using empirical data);  Sensitivity analysis,Knowledge of the system; Spatial and temporal scale issues; Empirical data limitations
10,Schimel 2015,"Analysis, Integration and Modeling of the Earth System (AIMES): Advancing the post-disciplinary understanding of coupled human-environment dynamics in the Anthropocene",Consensus,No,NA,NA,,This is a more general overview paper,,Other: ,,
11,Pearsall 2009,Linking the stressors and stressing the linkages: Human-environment vulnerability and brownfield redevelopment in New York City,Consensus,Yes,USA,STATE,,,Other: Vulnerability Scoping Diagram,No,,
12,An 2005,Exploring complexity in a human-environment system: An agent-based spatial model for multidisciplinary and multiscale integration,Consensus,Yes,China,NA,,,Agent-based model,Yes,Validation / cross-validation (using empirical data);  Sensitivity analysis,Model specification; Knowledge of the system; Spatial and temporal scale issues; Spatial dependence & heterogeneity issues; Empirical data limitations
13,Pal 2023,Dynamics of a coupled socio-environmental model: An application to global CO<sub>2</sub> emissions,Consensus,Yes,Global,NA,Global,,System dynamics model; Other: Coupled socio-environmental model ,Yes, Sensitivity analysis,Model specification
14,Wang 2019,Identification and evaluation of land use vulnerability in a coal mining area under the coupled human-environment,Consensus,Yes,China,NA,,,"Conceptual model (non-quantitative); Other: The study utilized a combination of models: SVM, Vulnerability Assessment Framework and Analytic Hierarchy Process (AHP)",No,,
16,Fang 2018,"Data Descriptor: High-resolution reconstruction of the United States human population distribution, 1790 to 2010",Consensus,Yes,USA,,,,Other: parsimonious population models,Yes,Validation / cross-validation (using empirical data),Model specification; Empirical data limitations
18,Goldspiel 2023,Snapshots of Nature-Based Recreation Across Rural Landscapes: Insights from Geotagged Photographs in the Northeastern United States,Consensus,Yes,USA,STATE,,,Other: Clarifai's General model (neural network) ,Yes,Validation / cross-validation (using empirical data),Knowledge of the system; Spatial and temporal scale issues
19,Student 2020,Simulating emerging coastal tourism vulnerabilities: an agent-based modelling approach,Consensus,Yes,Curacao,NA,,,Agent-based model,Yes, Sensitivity analysis,Model specification; Empirical data limitations
20,Iwanaga 2021,Socio-technical scales in socio-environmental modeling: Managing a system-of-systems modeling approach,Consensus,No,NA,,,,,No,,
24,Song 2024,Mapping the Unheard: Analyzing Tradeoffs Between Fisheries and Offshore Wind Farms Using Multicriteria Decision Analysis,Consensus,Yes,USA,STATE,,,"Other: Three multicriteria decision models: weighted aggregated sum product assessment, technique for order of preference by similarity to ideal solution, analytical hierarchy process",Yes, Sensitivity analysis,Model specification
27,Hoberg 2017,Irreversibility and uncertainty cause an intergenerational equity-efficiency trade-off,Consensus,Yes,None_Unspecified,,,,System dynamics model,No,,
28,Saqalli 2014,"Revisiting and modelling the woodland farming system of the early Neolithic Linear Pottery Culture (LBK), 5600-4900 BC",Consensus,Yes,Other,,Europe,,System dynamics model,No,,
30,Plag 2020,A goal-based approach to the identification of essential transformation variables in support of the implementation of the 2030 agenda for sustainable development,Consensus,No,NA,NA,,Describes models that can be used to advance SDG's but does not use any in particular,Other: Does not include a model,No,Other: Does not include a model,Other: Does not include a model
31,Zhang 2016,A Stochastic ANP-GCE Approach for Vulnerability Assessment in the Water Supply System With Uncertainties,Consensus,Yes,China,,,Focus on Shanghai as case study,Other: A multi-criteria decision-making approach for vulnerability assessment using network modeling (ANP-GCE),Yes, Sensitivity analysis; Sensitivity analysis using factorial design,Model specification; Empirical data limitations
32,Zhijun 2022,Sustainable Tourism Supply Chain Assessment Using Hybrid Decision-Making Methods under Fuzzy Uncertainty,Consensus,Yes,Taiwan,NA,,,Conceptual model (non-quantitative),No,,
35,Villamor 2013,Validating human decision making in an agent-based land-use model,Consensus,Yes,Indonesia,NA,,,Agent-based model,No,"Validation / cross-validation (using empirical data); Other: surveys, RPGs",Model specification; Knowledge of the system; Empirical data limitations
36,Liu 2013,Simulating the Conversion of Rural Settlements to Town Land Based on Multi-Agent Systems and Cellular Automata,Consensus,Yes,China,NA,,"""We
simulated the town expansion from 2005 to 2010 in the three
towns and compared the actual 2010 results with the simulated
2010 results to validate the accuracy of the simulation.""",Agent-based model,Yes,Validation / cross-validation (using empirical data); Other: Compared to pre-existing model,Model specification; Empirical data limitations
37,Lee 2019,Dimension reduction of multivariate outputs of socio-environmental agent-based models,Consensus,Yes,USA,STATE,,,Agent-based model,Yes, Sensitivity analysis,Model specification; Knowledge of the system; Spatial and temporal scale issues; Empirical data limitations
39,Wang 2020,Emergence of urban clustering among US cities under environmental stressors,Consensus,No,USA,STATE,,,,Other: ,,
40,Elsawah 2020,Scenario processes for socio-environmental systems analysis of futures: A review of recent efforts and a salient research agenda for supporting decision making,Consensus,No,NA,,,,,No,,
42,Cabello 2015,River basins as social-ecological systems: linking levels of societal and ecosystem water metabolism in a semiarid watershed,Consensus,Yes,Spain,NA,,,System dynamics model; Biophysical model,,Validation / cross-validation (using empirical data),Empirical data limitations
43,Zhan 2023,High-resolution livestock seasonal distribution data on the Qinghai-Tibet Plateau in 2020,Consensus,Yes,China,NA,,consider GLW3 a biophysical model?,Biophysical model; Other: Machine learning (random forest),Yes,Validation / cross-validation (using empirical data),Model specification
45,Williams 2020,Assessing model equifinality for robust policy analysis in complex socio-environmental systems,Consensus,Yes,Ethiopia,NA,,,Agent-based model,Yes, Sensitivity analysis,Model specification
51,Yang 2020,Patch-based cellular automata model of urban growth simulation: Integrating feedback between quantitative composition and spatial configuration,Consensus,Yes,China,NA,,CA model counts as ABM?,System dynamics model; Other: Cellular Automata,Yes,Validation / cross-validation (using empirical data); Other: Monte Carlo simulation,Model specification; Knowledge of the system; Spatial and temporal scale issues; Spatial dependence & heterogeneity issues
52,Letourneau 2012,A land-use systems approach to represent land-use dynamics at continental and global scales,Consensus,Yes,Global,NA,Global,,System dynamics model; Conceptual model (non-quantitative),No,,Empirical data limitations
53,Lepper 2022,The Role of the Environment in Dynamics of Antibiotic Resistance in Humans and Animals: A Modelling Study,Consensus,Yes,None_Unspecified,NA,,Epidemiological model,System dynamics model; Other: Epidemiological model,Yes, Sensitivity analysis,Model specification; Spatial and temporal scale issues; Empirical data limitations
54,Deroliya 2022,A novel flood risk mapping approach with machine learning considering geomorphic and socio-economic vulnerability dimensions,Consensus,Yes,India,NA,,flood risk mapping framework,Other,Yes,Validation / cross-validation (using empirical data),Model specification
55,Polsky 2004,"Putting space and time in Ricardian climate change impact studies: Agriculture in the US Great Plains, 1969-1992",Consensus,Yes,USA,STATE,,,Other: Spatial econometric models,Yes,Other,Model specification; Spatial and temporal scale issues; Spatial dependence & heterogeneity issues
60,Krol 2007,Regional integrated modelling of climate change impacts on natural resources and resource usage in semi-arid Northeast Brazil,Consensus,Yes,Brazil,NA,,,System dynamics model; Other: Integrated modeling,Yes,Validation / cross-validation (using empirical data),Model specification; Knowledge of the system
63,Asamoah 2020,Global stability and cost-effectiveness analysis of COVID-19 considering the impact of the environment: using data from Ghana,Consensus,Yes,Ghana,,,Deterministic model,Other,Yes,Validation / cross-validation (using empirical data);  Sensitivity analysis,Model specification; Knowledge of the system
68,Liu 2021,"Dynamics of local impacts in low-carbon transition: Agent-based modeling of lithium mining-community-aquifer interactions in Salar de Atacama, Chile",Consensus,Yes,Chile,NA,,,Agent-based model,Yes,Validation / cross-validation (using empirical data);  Sensitivity analysis,Model specification; Knowledge of the system; Empirical data limitations
69,Celino 2011,Explorative Nature of Negotiation in Participatory Decision Making for Sustainability,Consensus,Yes,Italy,NA,,,Conceptual model (non-quantitative),No,,
71,Viana 2022,Multidimensional risk assessment and categorization of hydrogen pipelines,Consensus,Yes,None_Unspecified,NA,,,Other: Multidimensional Risk Assessment and Categorization model,Yes," Sensitivity analysis; Other: consequence function, which is the probability functions are assigned to represent the magnitude of consequences",Model specification; Knowledge of the system; Computing limitations; Empirical data limitations
72,Rocchi 2021,Sustainability of Rearing System Using Multicriteria Analysis: Application in Commercial Poultry Production,Consensus,Yes,Italy,NA,,,Other:  Multicriteria Analysis,Yes, Sensitivity analysis,Knowledge of the system; Empirical data limitations
73,Marohn 2013,A software coupling approach to assess low-cost soil conservation strategies for highland agriculture in Vietnam,Consensus,Yes,Vietnam,NA,,,Agent-based model,Yes,Validation / cross-validation (using empirical data);  Sensitivity analysis,Spatial and temporal scale issues; Empirical data limitations
76,Colovic 2021,A network design tool for railway electrification considering the environmental impact,Consensus,Yes,Italy,NA,,railway network electrification design model,System dynamics model; Other: linear programming,Yes, Sensitivity analysis,Knowledge of the system
77,Polsky 2001,Adaptation to climate variability and change in the US Great Plains: A multi-scale analysis of Ricardian climate sensitivities,Consensus,Yes,USA,,,,Other: Multi-level regression model,Yes, Sensitivity analysis,Model specification; Spatial and temporal scale issues
78,LoPiano 2022,Unpacking the modelling process via sensitivity auditing,Consensus,No,Other,,Various,More of a summary/perspectives paper,,Other: ,,
79,Stineman 2001,"Defining the population, treatments, and outcomes of interest - Reconciling the rules of biology with meaningfulness",Consensus,Yes,None_Unspecified,NA,,,Conceptual model (non-quantitative),No,,
80,Blake 2018,A deconvolutional Bayesian mixing model approach for river basin sediment source apportionment,Consensus,No,NA,NA,,,,Other: ,,
81,MacAskill 2021,Examining green affordable housing policy outcomes in Australia: A systems approach,Consensus,Yes,Australia,NA,,,System dynamics model,Yes, Sensitivity analysis,Model specification
83,Batouli 2022,DyNet-LCCA: a simulation framework for dynamic network-level life- cycle cost analysis in evolving infrastructure systems,Consensus,Yes,USA,,,,Agent-based model,Yes,Validation / cross-validation (using empirical data);  Sensitivity analysis,Model specification; Knowledge of the system
87,Memari 2021,Hybrid wind-municipal solid waste biomass power plant location selection considering waste collection problem: a case study,Consensus,Yes,Iran,NA,,,Conceptual model (non-quantitative); Other: Z-number Data Envelopment Analysis (DEA),Yes, Sensitivity analysis,Spatial and temporal scale issues
88,Stutz 2014,Modeling the Pre-Industrial Roots of Modern Super-Exponential Population Growth,Consensus,Yes,Global,NA,Global,population growth model,System dynamics model,Yes, Sensitivity analysis,Model specification; Knowledge of the system; Empirical data limitations
89,Khan 2022,Modelling and techno-economic analysis of standalone SPV/Wind hybrid renewable energy system with lead-acid battery technology for rural applications,Consensus,Yes,India,NA,,,Other: The authors defined a Hybrid Renewable Energy System model in MATLAB/SIMULINK,Yes, Sensitivity analysis,Model specification
90,Andriantiatsaholiniaina 2004,Evaluating strategies for sustainable development: fuzzy logic reasoning and sensitivity analysis,Consensus,Yes,"Greece, USA",NA,,,Other: fuzzy logic model,Yes, Sensitivity analysis,Model specification
91,Neumann 2017,"Integrative analysis of the Lake Simcoe watershed (Ontario, Canada) as a socio-ecological system",Consensus,Yes,Canada,NA,,,Other: Self-Organizing Maps and Structural Equation Modeling (SEM),Yes,Validation / cross-validation (using empirical data),Model specification; Spatial and temporal scale issues; Empirical data limitations
93,Lu 2023,A Multi-Criteria Framework for Sustainability Evaluation of Hydrogen-Based Multi-Microgrid Systems under Triangular Intuitionistic Fuzzy Environment,Consensus,Yes,None_Unspecified,NA,,,Conceptual model (non-quantitative),Yes, Sensitivity analysis,Knowledge of the system; Empirical data limitations
94,Brugnach 2008,A broadened view on the role for models in natural resource management: Implications for model development,Consensus,No,NA,NA,,,,,,
95,Estacio 2024,Impacts of socio-environmental policy mix on mitigating agricultural abandonment: An empirical agent-based modeling,Consensus,Yes,Philippines,NA,,"Based on the interviews, a conceptual framework for the agent 
classes, agent attributes, agent behaviors, and agent interactions was 
derived (Fig. 2).",Agent-based model; Conceptual model (non-quantitative),Yes,Validation / cross-validation (using empirical data),Model specification; Knowledge of the system; Spatial and temporal scale issues; Computing limitations; Spatial dependence & heterogeneity issues; Empirical data limitations
96,Halkia 2020,The Global Conflict Risk Index: A quantitative tool for policy support on conflict prevention,Consensus,Yes,Europe,NA,,,Conceptual model (non-quantitative); Other: Global Conflict Risk Index Model,Yes,Validation / cross-validation (using empirical data),Model specification; Spatial dependence & heterogeneity issues; Empirical data limitations
97,Elleuch 2021,Solving a Multiple User Energy Source Selection Problem Using a Fuzzy Multi-Criteria Group Decision-Making Approach,Consensus,Yes,Tunisia,,,,System dynamics model,Yes, Sensitivity analysis,Model specification
98,Muronda 2021,Uncertainty Analysis of Reservoir Operation Based on Stochastic Optimization Approach Using the Generalized Likelihood Uncertainty Estimation Method,Consensus,Yes,Iran,NA,,,"Other: Autoregressive integrated moving average (ARIMA) and seasonal autoregressive integrated 
moving average (SARIMA) models",Yes,Other: Generalized likelihood uncertainty estimation,Model specification
100,Borji 2023,A Novel Sustainable Multi-objective Optimization Model for Steel Supply Chain Design Considering Technical and Managerial Issues: a Case Study,Consensus,Yes,Iran,NA,,Case study was for Iran but model could be used elsewhere; not sure if there is an environmental component to this model,"Conceptual model (non-quantitative); Other:  multi-
objective mixed-integer linear programming",Yes, Sensitivity analysis,Model specification; Knowledge of the system; Empirical data limitations
101,Mondal 2024,Sustainable-resilient-responsive supply chain with demand prediction: An interval type-2 robust programming approach,Consensus,Yes,India,NA,,Not sure if Factorial Design or not,"Conceptual model (non-quantitative); Other:  Robust-possibilistic programming, multi-objective mixed-integer programming model on sustainable-resilient-responsive supply chain, ",Yes, Sensitivity analysis; Sensitivity analysis using factorial design,Model specification; Knowledge of the system; Spatial and temporal scale issues; Empirical data limitations
102,daSilva 2020,Water sustainability assessment from the perspective of sustainable development capitals: Conceptual model and index based on literature review,Consensus,Yes,None_Unspecified,NA,,,Conceptual model (non-quantitative),No,,
104,Zandi 2024,GIS-Enabled Multi-Criteria Assessment for Hospital Site Suitability: A Case Study of Tehran,Consensus,Yes,Iran,,,,"Other: Suitability mapping using a combination of road networks, land use, and population information. ",Yes, Sensitivity analysis,Model specification
105,Veerkamp 2020,Future projections of biodiversity and ecosystem services in Europe with two integrated assessment models,Consensus,Yes,Other,NA,Europe,,Biophysical model; Other: Integrated assessment models (IMAGE- GLOBIO and CLIMSAVE),No,,
106,Ogbolumani 2021,Multi-objective optimisation of constrained food-energy-water-nexus systems for sustainable resource allocation,Consensus,Yes,South Africa,NA,,,Other: Multi-objective optimisation system modelling,No,,
107,Yani 2022,An Adaptive Fuzzy Multi-Criteria Model for Sustainability Assessment of Sugarcane Agroindustry Supply Chain,Consensus,Yes,Indonesia,,,,System dynamics model,Yes,Validation / cross-validation (using empirical data); Other: Verification of individual model inputs through literature and interviews ,Model specification; Knowledge of the system; Empirical data limitations
108,Pastick 2019,Spatiotemporal remote sensing of ecosystem change and causation across Alaska,Consensus,Yes,USA,STATE,,,Other: combination of different linear regression models,Yes,Validation / cross-validation (using empirical data),Model specification
109,Liu 2023,The Diffusion Rule of Demand-Oriented Biogas Supply in Distributed Renewable Energy System: An Evolutionary Game-Based Approach,Consensus,Yes,China,NA,,,System dynamics model; Other: Evolutionary game model,Yes, Sensitivity analysis,Model specification
110,Shariat 2019,Risk analysis of urban stormwater infrastructure systems using fuzzy spatial multi-criteria decision making,Consensus,Yes,Iran,NA,,,Other: Fuzzy Analytic Hierarchy Process,Yes,Validation / cross-validation (using empirical data); Other: fuzzy sets theory,Model specification
111,Zhou 2022,"Spatiotemporal analysis of interactions between seasonal water, climate, land use, policy, and socioeconomic changes: Hulun-Buir Steppe as a Case Study",Consensus,Yes,China,NA,,,"Other: Coupled models, but very scarce details on models, unclear to me",No,,
112,Bondank 2020,Infrastructure Interdependency Failures From Extreme Weather Events as a Complex Process,Consensus,No,NA,NA,,,,Other: ,,
114,Meuwissen 2019,A framework to assess the resilience of farming systems,Consensus,Yes,Netherlands,NA,,,Conceptual model (non-quantitative),No,,
115,Mark 2017,Glacier loss and hydro-social risks in the Peruvian Andes,Consensus,Yes,Peru,NA,,,Conceptual model (non-quantitative),No,,
117,Seminar 2023,Using Precision Agriculture (PA) Approach to Select Suitable Final Disposal Sites for Energy Generation,Consensus,Yes,Indonesia,NA,,,Other: Spatial modeling and multi-criteria decision analysis,Yes,Validation / cross-validation (using empirical data),Knowledge of the system; Empirical data limitations
118,Ge 2021,"Uncertain Analysis of Fuzzy Evaluation Model for Water Resources Carrying Capacity: A Case Study in Zanhuang County, North China Plain",Consensus,Yes,China,NA,,,Other: Fuzzy Comprehensive Evaluation Model &Analytic Hierarchy Process model,Yes, Sensitivity analysis,Model specification; Empirical data limitations
120,Losada 2022,Do Rock Design Formulas Based on Wave Flume Experiments Reliably Model Their Performance at Sea?,Consensus,No,NA,NA,,,,,,
121,Moglia 2012,Multi-criteria decision assessments using Subjective Logic: Methodology and the case of urban water strategies,Consensus,Yes,Australia,NA,,"""Unfortunately, there is no available information about probabil-
ity distributions for the outcome variables in the case study.
Instead, in the absence of rigorous sensitivity analysis, the proba-
bility distributions (i.e. standard deviation or ranges) of all vari-
ables model has been assigned using a hypothetical data set
based on discussions with the water planners, as shown in Table 3""",Other: Basic Bayesian Network framework with Subjective Logic for Multi-Criteria Decision Analysis,Yes,Other:  Subjective Logic framework,Model specification; Knowledge of the system
122,Yariyan 2020,Earthquake Vulnerability Mapping Using Different Hybrid Models,Consensus,Yes,Iran,NA,,Not sure if this is considered a socio-environmental model,Other: A-OWA and A-fuzzy hybrid model to create an index,Yes,Validation / cross-validation (using empirical data); Other: Used sensitivity classes,Knowledge of the system
124,Prentice 2021,A Strategic Management Framework for the Commercialization of Multitechnology Renewable Energy Systems: The Case of Concentrating Solar Power in South Africa,Consensus,No,NA,,,"Only includes a ""strategic management framework"" not a socio-environmental model",,,,
125,Huang 2023,"Fuzzy evaluation of ecological vulnerability based on the SRP-SES method and analysis of multiple decision-making attitudes based on OWA operators: A case of Fujian Province, China",Consensus,Yes,China,NA,,"Fig. 8. Moran scatter plot of the spatial autocorrelation of ecological 
vulnerability addresses spatial dependence.","Other: Analytic Hierarchy Process model,  sensitivity-resilience-pressure model, fuzzy evaluation model",Yes,Validation / cross-validation (using empirical data);  Sensitivity analysis; Other: Comparison of outputs with theoretical expectations,Model specification; Knowledge of the system; Spatial dependence & heterogeneity issues
126,Blanco 2017,Energy transitions and emerging economies: A multi-criteria analysis of policy options for hydropower surplus utilization in Paraguay,Consensus,Yes,Paraguay,NA,,,Conceptual model (non-quantitative); Other: Analytic Hierarchy Process model,Yes, Sensitivity analysis,Model specification; Knowledge of the system; Empirical data limitations
127,Leenhardt 2015,"Challenges, insights and perspectives associated with using social-ecological science for marine conservation",Consensus,No,NA,NA,,,,Other: ,,
128,Lemos 2022,Artificial intelligence and change management in small and medium-sized enterprises: an analysis of dynamics within adaptation initiatives,Consensus,No,Portugal,,,Not relevant,,No,,
129,Carriger 2018,Representing causal knowledge in environmental policy interventions: Advantages and opportunities for qualitative influence diagram applications,Consensus,Yes,USA,STATE,,,Conceptual model (non-quantitative),No,,
131,Castilla-Rho 2015,An agent-based platform for simulating complex human-aquifer interactions in managed groundwater systems,Consensus,Yes,None_Unspecified,,,Hypothetical example used,Agent-based model,Yes, Sensitivity analysis,Model specification; Spatial dependence & heterogeneity issues
132,Kaneko 2013,"Strategic system development toward biofuel, desertification and crop production monitoring in continental scales using satellite-based photosynthesis models",Consensus,Yes,Other,NA,"South America, Africa, Eastern Europe, Asia, North America",,Biophysical model; Conceptual model (non-quantitative),Yes,Validation / cross-validation (using empirical data);  Sensitivity analysis,Knowledge of the system; Spatial and temporal scale issues; Empirical data limitations
134,Codato 2023,Where to leave fossil fuels underground? A multi-criteria analysis to identify unburnable carbon areas in the Ecuadorian Amazon region,Consensus,Yes,Ecuador,NA,,,Other: Spatial multi criteria decision analysis,No,,
137,Liu 2018,Risk evaluation of electric vehicle charging infrastructure public-private partnership projects in China using fuzzy TOPSIS,Consensus,Yes,China,NA,,,Other: Fuzzy Order Preference by Similarity to Ideal Solution (Fuzzy TOPSIS),Yes, Sensitivity analysis,Knowledge of the system
138,Cobos-Mora 2023,Suitable site selection for transfer stations in a solid waste management system using analytical hierarchy process as a multi-criteria decision analysis: a case study in Azuay-Ecuador,Consensus,Yes,Ecuador,NA,,,Other: GIS-MCDA framework & Analytical Hierarchical Process Model,Yes, Sensitivity analysis,Model specification; Knowledge of the system; Spatial and temporal scale issues; Empirical data limitations
139,Guede-Fernández 2021,A Deep Learning Based Object Identification System for Forest Fire Detection,Consensus,Yes,Portugal ,NA,,Do not develop a new model but use an established one for machine learning,Other: Deep learning-based model (Faster R-CNN),Yes,Validation / cross-validation (using empirical data),Model specification
142,Pelzer 2012,"Assessing innovative cropping systems with DEXiPM, a qualitative multi-criteria assessment tool derived from DEXi",Consensus,Yes,France,NA,,,Conceptual model (non-quantitative); Other: hierarchical and qualitative multi-criteria model,Yes,Validation / cross-validation (using empirical data);  Sensitivity analysis,Model specification; Knowledge of the system
145,Ross 2020,Accounting for two-billion tons of stabilized soil carbon,Consensus,"Other: No - no social dimension to the model. Closest is that one of the model covariates is ""historical land use""",NA,NA,,,,,,
147,Polhill 2019,"Crossing the chasm: a ""tube-map' for agent-based social simulation of policy scenarios in spatially-distributed systems",Consensus,No,NA,NA,,,,Other: ,,
148,Yazdandoost 2015,"URBAN STORMWATER AS A WATER RESOURCE OPPORTUNITY, A NEXUS APPROACH TO DECISION MAKING",Consensus,Yes,Iran,NA,,,"Other: A mathematical model used for simulation of urban
runoff quantity and quality in storm and combined sewer systems and natural waterways",Yes, Sensitivity analysis,Model specification; Knowledge of the system
149,Pluchinotta 2020,Integrating Problem Structuring Methods And Concept-Knowledge Theory For An Advanced Policy Design: Lessons From A Case Study In Cyprus,Consensus,Yes,Republic of Cyprus,,,,System dynamics model; Conceptual model (non-quantitative),No,,
150,Lan 2019,A holistic design approach for residential net-zero energy buildings: A case study in Singapore,Consensus,Yes,Singapore,NA,,,Other: Multi-objective optimization,Yes, Sensitivity analysis,Model specification
151,Rodriguez-Gonzalez 2020,Effect of feedback loops on the sustainability and resilience of human-ecosystems,Consensus,Yes,Other,,Conceptual society,,Other: Compartmental model,Yes, Sensitivity analysis,Model specification
152,Blanchard 2015,Implications of Using 2 m versus 30 m Spatial Resolution Data for Suburban Residential Land Change Modeling,Consensus,Yes,USA,Massachusetts,,,"Other: GEOMOD (a pixel based, 
spatially explicit model)",Yes, Sensitivity analysis,Spatial and temporal scale issues
153,Adeleye 2022,Long-term drivers and timing of accelerated vegetation changes in African biomes and their management implications,Consensus,Yes,Africa,NA,,,Other: Generalized additive model,No,,
155,Arvor 2021,Towards user-adaptive remote sensing: Knowledge-driven automatic classification of Sentinel-2 time series,Consensus,Yes,Brazil,,,,Other: Conceptual model,Yes,Validation / cross-validation (using empirical data),Model specification; Spatial and temporal scale issues
156,Pamucar 2021,A new intelligent MCDM model for HCW management: The integrated BWM-MABAC model based on D numbers,Consensus,Yes,"Bosnia, Herzegovinia",NA,,,Other: MCDM-D methodology - a framework for making decisions with multiple criteria,Yes,Sensitivity analysis using factorial design,Model specification; Knowledge of the system; Empirical data limitations
158,Scholten 2017,Comparing multi-criteria decision analysis and integrated assessment to support long-term water supply planning,Consensus,Yes,Switzerland,NA,,,Other: Multi-criteria decision analysis,Yes,Other: Attribute uncertainty and scenarios,Model specification; Knowledge of the system
159,Diba 2019,Sustainable supplier selection for Satrec Vitalait Milk Company in Senegal using the novel grey relational analysis method,Consensus,Yes,Senegal,NA,,,Other: The study utilizes Grey Relational Analysis (GRA) for supplier selection and ranking based on multiple criteria. GRA is an analytical approach and not a simulation model,Yes, Sensitivity analysis,Knowledge of the system; Empirical data limitations
161,Ghailani 2023,Developing sustainable management strategies in construction and demolition wastes using a q-rung orthopair probabilistic hesitant fuzzy set-based decision modelling approach,Consensus,Yes,None_Unspecified,NA,,Multiple-attribute decision-making for construction waste management,"Conceptual model (non-quantitative); Other: Multi-attribute decision-making MADM methods: Fuzzy-weighted zero inconsistency (FWZIC) and
fuzzy decision by opinion score method (FDOSM)-based multiplicative multiple objective optimisation
by ratio analysis (MULTIMOORA) with the q-rung orthopair probabilistic hesitant fuzzy set (q-ROPHFS)",Yes,"Validation / cross-validation (using empirical data);  Sensitivity analysis; Other: Systematic modelling, Comparison analysis",Model specification; Knowledge of the system; Empirical data limitations
162,VandeWalle 2022,In silico assessment of household level closed water cycles: Towards extreme decentralization,Consensus,Yes,Belgium,,,,System dynamics model,Yes, Sensitivity analysis,Model specification; Knowledge of the system
164,Convertino 2016,Portfolio Decision Technology for Designing Optimal Syndemic Management Strategies,Consensus,Yes,Kolkata,,,,"Biophysical model; Other: combination of biophysical, multi-criteria and Pareto-optimization models",Yes, Sensitivity analysis,Model specification; Empirical data limitations
166,Schirpke 2012,SPA-LUCC: Developing land-use/cover scenarios in mountain landscapes,Consensus,Yes,"Austria, France, Germany, Italy, Switzerland ",NA,,a stochastic allocation model,System dynamics model; Other: a stochastic allocation model (Spatial Allocation procedures of Land use/cover change (SPA-LUCC)),Yes,Validation / cross-validation (using empirical data),Model specification
167,Lin 2022,An investigation of coupled natural human systems using a two-way coupled agent-based modeling framework,Consensus,Yes,USA,STATE,,,Agent-based model; System dynamics model,Yes,Validation / cross-validation (using empirical data);  Sensitivity analysis,Model specification; Spatial and temporal scale issues; Empirical data limitations
168,Falconer 2020,Anaerobic Digestion of food waste: Eliciting sustainable water-energy-food nexus practices with Agent Based Modelling and visual analytics,Consensus,Yes,United Kingdom,NA,,,Agent-based model,Yes, Sensitivity analysis,Spatial and temporal scale issues; Empirical data limitations
171,Guilsou 2023,Gaining Profound Knowledge of Cholera Outbreak: The Significance of the Allee Effect on Bacterial Population Growth and Its Implications for Human-Environment Health,Consensus,Yes,None_Unspecified,NA,,,System dynamics model; Other: Cholera disease spread model,Yes, Sensitivity analysis,Model specification; Empirical data limitations
172,Verhoog 2016,Modelling socio-ecological systems with MAIA: A biogas infrastructure simulation,Consensus,Yes,Netherlands,NA,,,Agent-based model,Yes,Validation / cross-validation (using empirical data);  Sensitivity analysis,Model specification; Knowledge of the system
173,Rowan 2007,Development of an Integrated Modelling Framework to Investigate Environmental and Economic Management Objectives in an Irrigated Landscape,Consensus,Yes,Australia,NA,,,Agent-based model,No,,
175,Chunara 2013,Assessing the Online Social Environment for Surveillance of Obesity Prevalence,Consensus,No,NA,NA,,,,Other: ,,
176,Shahriar 2012,Risk analysis for oil & gas pipelines: A sustainability assessment approach using fuzzy based bow-tie analysis,Consensus,Yes,None_Unspecified,NA,,,Other: bow-tie scenario analysis,Yes, Sensitivity analysis; Other: Error propagation using fuzzy linguistic probabilities,Model specification; Knowledge of the system; Empirical data limitations
177,Humphreys 2020,A geostatistical model for estimating edge effects and cumulative human disturbance in wetlands and coastal waters,Consensus,Yes,USA,"Florida, USA",,,Biophysical model,Yes,Validation / cross-validation (using empirical data);  Sensitivity analysis,Spatial and temporal scale issues; Spatial dependence & heterogeneity issues
178,Pontius 2010,Land transition estimates from erroneous maps,Consensus,No,NA,NA,,Overlays two maps then calculates land change - not really a model,,Other: ,,
179,Tabasi 2022,Spatial Modeling of COVID-19 Prevalence Using Adaptive Neuro-Fuzzy Inference System,Consensus,Yes,Iran,,,,Other: Adaptive neuro-fuzzy inference system and principal component analysis,Yes, Sensitivity analysis,Model specification
180,Ali 2015,"Coupled Human-Environment Dynamics of Forest Pest Spread and Control in a Multi-Patch, Stochastic Setting",Consensus,Yes,Canada,NA,,,System dynamics model; Biophysical model,Yes, Sensitivity analysis,Model specification
182,Gower 2016,Modeling ecohydrological dynamics of smallholder strategies for food production in dryland agricultural systems,Consensus,Yes,Kenya,NA,,,Agent-based model,No,,
184,Magliocca 2019,Modeling cocaine traffickers and counterdrug interdiction forces as a complex adaptive system,Consensus,Yes,USA,STATE,,Used agent-based model but not really any environmental; only one mention of sensitivity analysis and it wasn't really specified how it was performed,Agent-based model,Yes, Sensitivity analysis,Model specification
185,Shahumyan 2017,"Integration of land use, land cover, transportation, and environmental impact models: Expanding scenario analysis with multiple modules",Consensus,Yes,USA,STATE,,,Other: Uses 5 coupled models and unsure how to categorize each,No,,
187,Ganguly 2021,A multifaceted risk assessment approach using statistical learning to evaluate socio-environmental factors associated with regional felony and misdemeanor rates,Consensus,No,USA,STATE,,,,Other: ,,
190,Gopal 2018,Conceptual frameworks for the drivers and barriers of integrated sustainable solid waste management: A TISM approach,Consensus,Yes,India,NA,,,Conceptual model (non-quantitative),No,,
191,Wimhurst 2023,Using logistic regression-cellular automata to project future sites for commercial wind energy development,Consensus,Yes,USA,STATE,,,Other: Logistic Regression-Cellular Automata (LRCA),Yes, Sensitivity analysis,Knowledge of the system; Spatial and temporal scale issues; Empirical data limitations
192,Wimhurst 2023,Predicting commercial wind farm site suitability in the conterminous United States using a logistic regression model,Consensus,Yes,USA,,,,Other: Logistic regression,Yes,Validation / cross-validation (using empirical data);  Sensitivity analysis,Model specification; Spatial and temporal scale issues; Spatial dependence & heterogeneity issues; Empirical data limitations
194,Alonzo 2021,Mapping and quantifying land cover dynamics using dense remote sensing time series with the user-friendly pyNITA software,Consensus,Yes,"USA, Colombia, Ethiopia",,"US, Colombia, Ethiopia",,Other,Yes, Sensitivity analysis,Spatial and temporal scale issues; Computing limitations
195,Luus 2013,Representing ecological processes in agent-based models of land use and cover change,Consensus,No,NA,,,,,No,,
196,Hernández-Cedeño 2021,Social and environmental conflict analysis on energy projects: Bayesian predictive network approach,Consensus,Yes,Mexico ,NA,,"Do not quantify uncertainty, but the authors do acknowledge the limitations and employ some strategies to address uncertainty, e.g. incorporating expert judgement ",Other: Diagnostic Bayesian Network,No,,
198,Han 2022,Agent-based Modeling to Evaluate Human-Environment Interactions in Community Flood Risk Mitigation,Consensus,Yes,USA,,,,Agent-based model,Yes, Sensitivity analysis,Model specification
200,Student 2020,A dynamic vulnerability approach for tourism destinations,Consensus,Yes,Other,NA,Caribbean Islands,,Agent-based model; Conceptual model (non-quantitative),No,,
201,Sterling 2019,"Try, try again: Lessons learned from success and failure in participatory modeling",Consensus,No,NA,NA,,"Reflection of a modeling approach, not an actual model",,Other: ,,
203,Magliocca 2015,From meta-studies to modeling: Using synthesis knowledge to build broadly applicable process-based land change models,Consensus,Yes,None_Unspecified,NA,,"this study describes how to create models, so may not qualify ",Conceptual model (non-quantitative),Yes,Other: pattern-oriented modeling (POM),Model specification
204,Pontius 2018,Lessons and Challenges in Land Change Modeling Derived from Synthesis of Cross-Case Comparisons,Consensus,No,NA,NA,,This is a chapter in a book that compares the uncertainties in the results of various studies.,,Other: ,,
205,Jager 2022,Using Bayesian Belief Networks to Investigate Farmer Behavior and Policy Interventions for Improved Nitrogen Management,Consensus,Yes,USA,STATE,,,Other: Bayesian belief network,Yes,Validation / cross-validation (using empirical data); Other: Prediction Improvement Value,Model specification; Empirical data limitations
206,Walker 2023,Predicting the geographic distribution of ancient Amazonian archaeological sites with machine learning,Consensus,Yes,Other,NA,Amazonia ,,Other: Machine learning,Yes,Validation / cross-validation (using empirical data),Spatial and temporal scale issues
208,Thorel 2018,Socio-environmental implications of process-based restoration strategies in large rivers: should we remove novel ecosystems along the Rhone (France)?,Consensus,Yes,France,NA,,,Conceptual model (non-quantitative),No,,
209,McDonald 2014,Water on an urban planet: Urbanization and the reach of urban water infrastructure,Consensus,Yes,Global,NA,Global,,Biophysical model; Other: Summary statistics obtained from different water stress and other ancillary models,No,,
210,Runfola 2013,"A growing concern? Examining the influence of lawn size on residential water use in suburban Boston, MA, USA",Consensus,Yes,USA,,,"Three models - regression, GEOMOD application to project urban growth, then application of the regression covariates. Only focused on the final one as it's what the study builds to. ","Other: GEOMOD seems most similar to a cellular automata model, and they use ordinary kriging to project water use",No,,
211,Gou 2016,The Role of Maps in Capturing Distal Drivers of Deforestation and Degradation: A Case Study in Central Mozambique,Consensus,Yes,Mozambique,,,,Biophysical model,No,,
212,Kim 2014,"Assessment of future water resources and water scarcity considering the factors of climate change and social-environmental change in Han River basin, Korea",Consensus,Yes,Korea,NA,,,"Other: Multi-Regression, SLURP model, RegCM3 model. ",Yes, Sensitivity analysis,Model specification
213,Hamstead 2018,Geolocated social media as a rapid indicator of park visitation and equitable park access,Consensus,Yes,USA,NEW YORK,,,Other: Regression model,No,,
214,Keyel 2021,A proposed framework for the development and qualitative evaluation of West Nile virus models and their application to local public health decision-making,Consensus,No,USA,,,Review paper,,No,,
215,Birnbaum 2022,Drivers of Future Physical Water Scarcity and Its Economic Impacts in Latin America and the Caribbean,Consensus,Yes,Other,NA,Latin America and the Caribbean (LAC),,"Other: dynamic-recursive partial equilibrium model (GCAM, a type of IAM)",Yes,Sensitivity analysis using factorial design,Model specification; Knowledge of the system; Computing limitations; Spatial dependence & heterogeneity issues
219,Angulo 2014,A continuous bi-level model for the expansion of highway networks,Consensus,Yes,Spain,NA,,,Other: continuous location model,Yes,Validation / cross-validation (using empirical data),Model specification
220,Hu 2023,Reliable design of urban surface-underground integrated logistics system network with stochastic demand and social-environmental concern,Consensus,Yes,China,NA,,,System dynamics model,Yes, Sensitivity analysis,Knowledge of the system; Empirical data limitations
221,Ocampo-Melgar 2022,Cooperation under conflict: participatory hydrological modeling for science policy dialogues for the Aculeo Lake,Consensus,Yes,Chile,NA,,,Other: Participatory hydrological modeling,No,,
222,Pinheiro 2019,From decision-making to Oceans Accounts: A case study,Consensus,Yes,Portugal,NA,,,"Other: Geostatistical model based on Oceans 
Accounts framework",No,,
228,LaTorre 2017,Pollution Control Under Uncertainty and Sustainability Concern,Consensus,Yes,None_Unspecified,NA,,,Other: The study uses a stochastic optimal control model which incorporates elements of 1. Optimal control theory to determine the best course of action to achieve a desired outcome. 2. Stochastic processes that account for uncertainty and randomness in the system.,Yes,Other: The model incorporates a standard deviation term (σ) to represent the variability or uncertainty associated with pollution levels. This standard deviation is estimated from historical data on CO2 concentrations.,Knowledge of the system; Empirical data limitations
233,Martínez 2023,Coupled Model for Assessing the Present and Future Watershed Vulnerabilities to Climate Change Impacts,Consensus,Yes,Mexico,NA,,,Other: Artificial Neural Networks,Yes,Other: Monte Carlo simulation,Knowledge of the system; Spatial and temporal scale issues; Computing limitations; Empirical data limitations
234,Obiedat 2013,Fuzzy representation and aggregation of fuzzy cognitive maps,Consensus,No,NA,NA,,,Other: Fuzzy Cognitive Maps,No,,
241,Zellner 2008,Embracing complexity and uncertainty: The potential of agent-based modeling for environmental planning and policy,Consensus,Yes,USA,MICHIGAN,,,Agent-based model,No,,
242,Mishra 2024,Evaluation and Prioritization of Sustainable Enterprise Resource Planning in SMEs Using q-Rung Orthopair Fuzzy Rough Set-Based Decision Support Model,Consensus,Yes,India,NA,,,Other: q-Rung Orthopair Fuzzy Rough Set-Based Decision Support Model,Yes, Sensitivity analysis,Model specification; Knowledge of the system; Empirical data limitations
244,Strickert 2009,Resilience models for New Zealand's Alpine Skiers based on people's knowledge and experience: A mixed method and multi-step fuzzy cognitive mapping approach,Consensus,Yes,New Zealand,NA,,,Conceptual model (non-quantitative); Other: Multi-step fuzzy cognitive mapping approach (Artificial Neural Networks) ,No,,
246,Convertino 2014,Optimal surveillance system design for outbreak source detection maximization: A vol model,Consensus,Yes,USA,STATE,,,Other: traceback model of disease outbreak,Yes, Sensitivity analysis; Other: Global sensitivity and uncertainty analysis,Model specification; Knowledge of the system
250,Hansen 2007,An adaptive land-use simulation model for integrated coastal zone planning,Consensus,Yes,Europe,NA,,,Other: cell-based simulation approach,Yes,Validation / cross-validation (using empirical data);  Sensitivity analysis,Model specification; Spatial and temporal scale issues; Empirical data limitations
256,Ferri 2015,An approach to urban regeneration by game theory and decisions,Consensus,No,NA,,,,,No,,
257,Kelic 2013,Decision framework for evaluating the macroeconomic risks and policy impacts of cyber attacks,Consensus,No,NA,NA,,,,Other: ,,
261,Pourmehdi 2020,Scenario-based design of a steel sustainable closed-loop supply chain network considering production technology,Consensus,Yes,Iran,NA,,,Other: Multi-objective optimization,Yes,Other: Stochastic programming,Knowledge of the system; Empirical data limitations
264,Ren 2019,Spatially explicit simulation of land use/land cover changes: Current coverage and future prospects,Consensus,Yes,None_Unspecified,NA,,review paper,Agent-based model; System dynamics model,No,,
266,Small 2018,A human-environmental network model for assessing coastal mitigation decisions informed by imperfect climate studies,Consensus,Yes,USA,,,,Other: Bayesian network model,Yes, Sensitivity analysis,Model specification; Knowledge of the system
267,Kocabas 2004,Sensitivity analysis of a GIS-based cellular automata model,Consensus,Yes,USA,STATE,,Question: do we automatically consider CA models as ABMs?,Other: GIS-based cellular automata urban growth model,Yes, Sensitivity analysis,Model specification; Knowledge of the system; Empirical data limitations
268,Viana 2021,A Decision Support System for Multidimensional Risk Evaluation of Natural Gas Pipelines,Consensus,Yes,None_Unspecified,NA,,,System dynamics model,Yes, Sensitivity analysis,Knowledge of the system
269,Grêt-Regamey 2013,Facing uncertainty in ecosystem services-based resource management,Consensus,Yes,Switzerland,NA,,,System dynamics model; Other: The spatially explicit risk approach links Bayesian networks to a Geographic Information System for forecasting the value of a bundle of ecosystem services and quantifies the uncertainties related to the outcomes in a spatially explicit manner.,Yes, Sensitivity analysis,Model specification; Knowledge of the system; Spatial and temporal scale issues; Empirical data limitations
275,Little 2019,"A tiered, system-of-systems modeling framework for resolving complex socio-environmental policy issues",Consensus,Yes,USA,STATE,,,Conceptual model (non-quantitative),"Other: Yes (well, they outline how one might quantify uncertainty but don't do it themselves)","Sensitivity analysis using factorial design; Other: For example, the adoption of integrated uncertainty assessment approaches which consider the various sources of uncertainty throughout the modeling process and their implications for the modeling purpose. ",Model specification; Knowledge of the system
279,Carvajal 2019,Challenges for hydropower-based nationally determined contributions: a case study for Ecuador,Consensus,Yes,Ecuador,NA,,,System dynamics model,Yes,Sensitivity analysis using factorial design,Model specification; Knowledge of the system
280,Jin 2010,A multistage scenario-based inexact fuzzy-stochastic chance-constrained programming for water resources management under uncertainty,Consensus,Yes,None_Unspecified,NA,,No clear study area. Appears to use hypothetical requirements for model. Just uses intervals as a sensitivity analysis approach. ,System dynamics model,Yes, Sensitivity analysis,Knowledge of the system
285,Farmani 2008,An evolutionary Bayesian belief network-based methodology for adaptive water management,Consensus,Yes,None_Unspecified,NA,,,Other: Bayesian Belief Networks,No,,
286,Carper 2021,Quantifying the transient shock response of dynamic agroecosystem variables for improved socio-environmental resilience,Consensus,Yes,Pakistan,,,coupled biophysical and socioeconomic model,Biophysical model; Other: coupled biophysical and socioeconomic model,No,,
287,Neumann 2021,Implementation of a watershed modelling framework to support adaptive management in the Canadian side of the Lake Erie basin,Consensus,Yes,USA,STATE,,,System dynamics model,Yes,Validation / cross-validation (using empirical data),Model specification; Knowledge of the system; Spatial and temporal scale issues; Spatial dependence & heterogeneity issues; Empirical data limitations
288,Barhagh 2021,System dynamics to assess the effectiveness of restoration scenarios for the Urmia Lake: A prey-predator approach for the human-environment uncertain interactions,Consensus,Yes,Iran,NA,,,System dynamics model,Yes, Sensitivity analysis,Knowledge of the system; Spatial and temporal scale issues; Empirical data limitations
289,BaoLe 2012,Comparison of two common empirical methods to model land-use choices in a multi-agent system simulation of landscape transition: Implication for a hybrid approach,Consensus,Yes,Vietnam,NA,,,Agent-based model,Yes,Validation / cross-validation (using empirical data),Model specification; Computing limitations; Empirical data limitations
302,Jaax 2024,"Tracing nitrogen pollution from wastewater on an oceanic, touristic island: Integrating local knowledge and uncertainty into a mass balance modeling approach",Consensus,Yes,Colombia,NA,,,System dynamics model; Conceptual model (non-quantitative); Other: mass balance model,Yes,Sensitivity analysis using factorial design; Other: Monte Carlo simulation,Model specification; Knowledge of the system; Spatial dependence & heterogeneity issues; Empirical data limitations
303,Song 2024,Multi-Dimensional Collaborative Optimization Model for Agricultural Water Rights Based on Water Price Reform under Changing Environment,Consensus,Yes,China,NA,,,System dynamics model,Yes, Sensitivity analysis; Other: intuitive fuzzy number,Model specification; Knowledge of the system; Spatial and temporal scale issues; Empirical data limitations
306,Wandersee 2012,"Perception and decisions in modeling coupled human and natural systems: A case study from Fanjingshan National Nature Reserve, China",Consensus,Yes,China,NA,,,Conceptual model (non-quantitative); Other: conceptual model plus a multiple logistic regression model,Yes, Sensitivity analysis; Other: described their uncertainty quantifications as confidence interval calculations and simulations,Model specification
307,Silva 2018,A bottom-up methodology for long term electricity consumption forecasting of an industrial sector - Application to pulp and paper sector in Brazil,Consensus,No,NA,NA,,The paper has environmental implications but the model they applied to predict electricity consumption doesn't have any environmental elements.,,Other: ,,
308,Walsh 2008,"Complexity theory, spatial simulation models, and land use dynamics in the Northern Ecuadorian Amazon",Consensus,Yes,Ecuador,,,,Other: Cellular Automata,Yes,Validation / cross-validation (using empirical data),Model specification; Knowledge of the system
309,Bischof 2010,"Negotiating uncertainty: Framing attitudes, prioritizing issues, and finding consensus in the coral reef environment management ""crisis""",Consensus,No,NA,NA,,,,,,
